Event_ID,Distance_Degrees,Distance_KM,t0,tp,ts,Vp_Vs_Ratio
S1222a,37.01,2190.992,2022-05-04T23:23:07.710516Z,2022-05-04T23:27:34.0Z,2022-05-04T23:27:45.192771Z,1.0420323432674494
S1133c,30.19,1787.2480000000003,2022-02-03T08:04:36.469259Z,2022-02-03T08:08:11.7Z,2022-02-03T08:08:24.753506Z,1.0606488921580213
S1102a,73.31,4339.952,2022-01-02T04:27:10.093677Z,2022-01-02T04:35:19.3Z,2022-01-02T04:35:28.844688Z,1.0195105573073306
S1094b,59.65,3531.28,2021-12-24T22:38:02.749173Z,2021-12-24T22:44:48.7Z,2021-12-24T22:45:08.063325Z,1.0476986957831718
S1048d,30.19,1787.2480000000003,2021-11-07T22:00:15.254098Z,2021-11-07T22:03:42.7Z,2021-11-07T22:04:04.40886Z,1.1046482952456684
S1022a,30.73,1819.2160000000001,2021-10-11T23:14:29.105382Z,2021-10-11T23:18:25.025302Z,2021-10-11T23:21:23.255908Z,1.755470780085039
S1015f,27.49,1627.408,2021-10-04T04:52:29.248537Z,2021-10-04T04:56:00.185082Z,2021-10-04T04:58:40.218707Z,1.7586813607855387
S1000a,128.29,7594.768,2021-09-18T17:46:20.639751Z,2021-09-18T17:59:01.470476Z,2021-09-18T18:13:28.0Z,2.1389255132933807
S0976a,146.26,8658.592,2021-08-25T03:32:20.629953Z,2021-08-25T03:48:58.4Z,2021-08-25T04:03:07.778327Z,1.8512766338835587
S0864a,28.75,1702.0,2021-05-02T00:57:35.34519Z,2021-05-02T01:00:56.5Z,2021-05-02T01:01:05.534422Z,1.0449127813548182
S0820a,30.19,1787.2480000000003,2021-03-18T14:51:33.869889Z,2021-03-18T14:54:39.0Z,2021-03-18T14:57:39.0Z,1.972289159379373
S0809a,29.83,1765.936,2021-03-07T11:09:26.99714Z,2021-03-07T11:12:59.6Z,2021-03-07T11:13:14.930832Z,1.0721101870407577
S0235b,28.75,1702.0,2019-07-26T12:15:38.748239Z,2019-07-26T12:18:58.5Z,2019-07-26T12:19:16.991001Z,1.0925699022998852
S0173a,30.01,1776.592,2019-05-23T02:19:09.852879Z,2019-05-23T02:22:42.3Z,2019-05-23T02:22:58.043698Z,1.0741064314069946
S1197a,31.98,1893.2160000000001,2022-04-09T22:05:52.41687Z,2022-04-09T22:09:38.5Z,2022-04-09T22:12:49.0Z,1.842610415027428
S1192a,25.5,1509.6000000000001,2022-04-04T23:06:52.616746Z,2022-04-04T23:12:12.572401Z,2022-04-04T23:16:48.265836Z,1.86166139179506
S1163a,23.1,1367.5200000000002,2022-03-06T02:29:13.668752Z,2022-03-06T02:34:18.697973Z,2022-03-06T02:38:28.753599Z,1.8197759715617539
S1160a,2.14,126.68800000000002,2022-03-02T06:51:40.637485Z,2022-03-02T06:56:42.656456Z,2022-03-02T06:56:52.590229Z,1.0328912219226123
S1157a,35.58,2106.336,2022-02-27T01:02:36.620313Z,2022-02-27T01:07:07.386079Z,2022-02-27T01:10:33.077426Z,1.7596652635917054
S1153a,84.81,5020.752,2022-02-23T21:00:32.548262Z,2022-02-23T21:09:22.3Z,2022-02-23T21:09:33.746256Z,1.0216068304810355
S1135c,20.0,1184.0,2022-02-05T04:34:04.201673Z,2022-02-05T04:39:24.217017Z,2022-02-05T04:43:00.872391Z,1.677015580852898
S1106a,38.5,2279.2000000000003,2022-01-06T14:53:18.310024Z,2022-01-06T14:58:20.331235Z,2022-01-06T15:05:17.434669Z,2.3810402011797773
S1105a,22.4,1326.08,2022-01-05T07:59:04.008824Z,2022-01-05T08:04:13.988379Z,2022-01-05T08:08:16.344706Z,1.7818461672415782
S1094d,24.4,1444.48,2021-12-25T03:31:41.685086Z,2021-12-25T03:36:52.573319Z,2021-12-25T03:41:16.658691Z,1.849454382533674
S1091a,20.2,1195.84,2021-12-21T23:57:27.099737Z,2021-12-22T00:02:46.930495Z,2021-12-22T00:06:25.465309Z,1.6832826691421594
S1090b,9.8,580.1600000000001,2021-12-20T22:17:13.77851Z,2021-12-20T22:22:23.873614Z,2021-12-20T22:24:09.978435Z,1.3421686432043765
S1087d,26.8,1586.5600000000002,2021-12-18T00:42:23.809954Z,2021-12-18T00:47:18.324867Z,2021-12-18T00:47:23.809954Z,1.0186241400957514
S1086d,24.9,1474.08,2021-12-16T23:02:32.671075Z,2021-12-16T23:07:42.4055Z,2021-12-16T23:12:11.468547Z,1.8686895136050827
S1082c,21.2,1255.04,2021-12-12T20:20:50.278146Z,2021-12-12T20:25:58.383505Z,2021-12-12T20:29:47.920691Z,1.7449957597134818
S1077c,23.0,1361.6000000000001,2021-12-07T14:01:49.15588Z,2021-12-07T14:06:59.285347Z,2021-12-07T14:11:08.381859Z,1.80320168995744
S1075c,25.6,1515.5200000000002,2021-12-05T14:43:47.693762Z,2021-12-05T14:49:10.902171Z,2021-12-05T14:53:48.242672Z,1.8580856601413485
S1073d,26.5,1568.8000000000002,2021-12-03T14:28:52.584603Z,2021-12-03T14:33:57.521266Z,2021-12-03T14:38:44.069111Z,1.9396962706317804
S1071b,25.0,1480.0,2021-12-01T12:19:05.491437Z,2021-12-01T12:24:25.3756Z,2021-12-01T12:28:55.650274Z,1.8449142072719615
S1068c,24.0,1420.8000000000002,2021-11-28T08:10:32.786857Z,2021-11-28T08:15:52.77573Z,2021-11-28T08:20:12.269144Z,1.8109451168322344
S1065b,22.5,1332.0,2021-11-25T11:06:55.004195Z,2021-11-25T11:12:04.938873Z,2021-11-25T11:16:08.182224Z,1.7848213454836441
S1060a,26.9,1592.48,2021-11-19T11:40:11.95703Z,2021-11-19T11:45:24.195699Z,2021-11-19T11:50:15.90031Z,1.9342360186655803
S1054c,26.2,1551.04,2021-11-14T03:24:25.479129Z,2021-11-14T03:29:31.120887Z,2021-11-14T03:34:14.706593Z,1.927836915530371
S1054b,25.3,1497.7600000000002,2021-11-14T02:15:32.55535Z,2021-11-14T02:20:44.087824Z,2021-11-14T02:25:17.572218Z,1.8778680132075094
S1050b,24.5,1450.4,2021-11-09T23:56:59.675394Z,2021-11-10T00:02:19.44813Z,2021-11-10T00:06:44.188439Z,1.8279014412285606
S1047a,13.6,805.12,2021-11-06T16:54:15.278383Z,2021-11-06T16:59:17.295172Z,2021-11-06T17:01:44.098694Z,1.4860773551234596
S1044b,22.6,1337.92,2021-11-03T17:38:02.916703Z,2021-11-03T17:43:12.5471Z,2021-11-03T17:47:17.030433Z,1.7895973243221337
S1040d,25.7,1521.44,2021-10-30T17:27:18.756657Z,2021-10-30T17:32:31.750484Z,2021-10-30T17:37:09.523093Z,1.8874699276417357
S1040b,20.2,1195.84,2021-10-30T13:56:44.537738Z,2021-10-30T14:02:04.694907Z,2021-10-30T14:05:43.241052Z,1.6826214314757386
S1039b,30.37,1797.9040000000002,2021-10-29T16:14:25.453174Z,2021-10-29T16:16:42.2Z,2021-10-29T16:19:36.4Z,2.2738869712412924
S1034b,27.9,1651.68,2021-10-24T09:20:13.843379Z,2021-10-24T09:25:23.727387Z,2021-10-24T09:30:25.663597Z,1.97435234541048
S1034a,0.84,49.728,2021-10-23T18:21:42.66185Z,2021-10-23T18:26:43.161912Z,2021-10-23T18:26:52.263747Z,1.03028896213672
S1030a,11.2,663.04,2021-10-20T08:22:51.053546Z,2021-10-20T08:28:01.331556Z,2021-10-20T08:30:02.098175Z,1.3892206830899811
S1026c,31.5,1864.8000000000002,2021-10-16T06:42:35.022933Z,2021-10-16T06:48:07.109371Z,2021-10-16T06:53:48.543264Z,2.0281476565447702
S1025g,25.6,1515.5200000000002,2021-10-15T07:50:43.47769Z,2021-10-15T07:55:45.139953Z,2021-10-15T08:00:22.630487Z,1.9198715518486977
S1024c,21.7,1284.64,2021-10-14T05:58:20.206396Z,2021-10-14T06:03:38.615272Z,2021-10-14T06:07:33.903717Z,1.7389506472175102
S1019b,30.4,1799.68,2021-10-09T01:49:26.911166Z,2021-10-09T01:54:36.837377Z,2021-10-09T02:00:05.550309Z,2.0606167543538287
S1017a,27.6,1633.92,2021-10-06T22:12:19.313507Z,2021-10-06T22:17:29.354855Z,2021-10-06T22:22:27.88537Z,1.9628732326373448
S1012d,38.27,2265.5840000000003,2021-10-02T00:29:27.840413Z,2021-10-02T00:33:55.4Z,2021-10-02T00:34:03.626131Z,1.0307450429724274
S1007d,22.7,1343.84,2021-09-26T20:03:15.38973Z,2021-09-26T20:08:20.403076Z,2021-09-26T20:12:26.325026Z,1.8062661953159256
S0999c,24.7,1462.24,2021-09-18T13:29:29.184012Z,2021-09-18T13:34:49.172318Z,2021-09-18T13:39:16.331554Z,1.834903122991001
S0997a,21.5,1272.8,2021-09-16T12:21:10.496236Z,2021-09-16T12:26:15.544186Z,2021-09-16T12:30:08.515569Z,1.763720533116187
S0994d,23.4,1385.28,2021-09-13T10:10:23.406981Z,2021-09-13T10:15:33.419688Z,2021-09-13T10:19:47.111163Z,1.8183260533252916
S0994b,24.1,1426.7200000000003,2021-09-13T07:05:58.890533Z,2021-09-13T07:11:18.884641Z,2021-09-13T07:15:39.618141Z,1.8148071901373886
S0992a,24.2,1432.64,2021-09-11T07:46:22.516863Z,2021-09-11T07:51:42.876068Z,2021-09-11T07:56:04.769485Z,1.8174992724182844
S0986c,1.22,72.224,2021-09-05T05:18:58.055897Z,2021-09-05T05:24:00.056583Z,2021-09-05T05:24:13.227604Z,1.0436125532509555
S0986a,23.5,1391.2,2021-09-05T02:46:57.359065Z,2021-09-05T02:52:07.529403Z,2021-09-05T02:56:21.888048Z,1.8200611529784645
S0981c,3.45,204.24,2021-08-31T03:59:01.746379Z,2021-08-31T04:04:03.73611Z,2021-08-31T04:04:41.107132Z,1.1237493138467016
S0965b,23.4,1385.28,2021-08-14T13:26:21.167287Z,2021-08-14T13:31:31.801906Z,2021-08-14T13:35:45.112667Z,1.815462107267574
S0965a,8.85,523.92,2021-08-14T11:16:58.03701Z,2021-08-14T11:22:08.350384Z,2021-08-14T11:23:44.189704Z,1.3088468884360749
S0946a,22.5,1332.0,2021-07-25T23:59:56.310642Z,2021-07-26T00:05:06.317929Z,2021-07-26T00:09:09.701646Z,1.785090309828749
S0943f,24.0,1420.8000000000002,2021-07-23T00:35:33.757199Z,2021-07-23T00:40:53.806495Z,2021-07-23T00:45:13.151506Z,1.8103283282960259
S0940a,21.7,1284.64,2021-07-19T21:40:39.873077Z,2021-07-19T21:46:05.211859Z,2021-07-19T21:50:00.678716Z,1.7237589553648727
S0933b,27.0,1598.4,2021-07-12T17:07:14.944102Z,2021-07-12T17:12:24.424634Z,2021-07-12T17:17:16.217002Z,1.9428456326939494
S0933a,25.5,1509.6000000000001,2021-07-12T15:12:27.338932Z,2021-07-12T15:17:32.339037Z,2021-07-12T15:22:08.046981Z,1.9039601609317476
S0924b,24.0,1420.8000000000002,2021-07-03T12:08:35.880081Z,2021-07-03T12:13:40.812898Z,2021-07-03T12:18:00.546198Z,1.8517722118442896
S0923c,23.7,1403.04,2021-07-02T11:08:42.854365Z,2021-07-02T11:13:52.925399Z,2021-07-02T11:18:09.928105Z,1.8288510625600716
S0919a,24.3,1438.5600000000002,2021-06-28T06:03:42.956853Z,2021-06-28T06:08:53.465106Z,2021-06-28T06:13:16.20726Z,1.8461680211765576
S0918c,24.3,1438.5600000000002,2021-06-27T08:25:34.583863Z,2021-06-27T08:30:39.500288Z,2021-06-27T08:35:02.122316Z,1.861291837591235
S0918a,27.85,1648.7200000000003,2021-06-27T05:31:55.541885Z,2021-06-27T05:35:03.4Z,2021-06-27T05:35:04.667245Z,1.0067457559658788
S0916e,22.2,1314.24,2021-06-25T07:35:26.846924Z,2021-06-25T07:40:39.196323Z,2021-06-25T07:44:39.325876Z,1.7687850649586172
S0916d,29.29,1733.968,2021-06-25T05:13:42.960151Z,2021-06-25T05:17:18.4Z,2021-06-25T05:20:13.7Z,1.8136841945150082
S0899b,26.5,1568.8000000000002,2021-06-07T18:24:23.083313Z,2021-06-07T18:29:42.810462Z,2021-06-07T18:34:29.596583Z,1.8969714392317683
S0896b,25.6,1515.5200000000002,2021-06-04T19:01:11.383475Z,2021-06-04T19:06:29.057535Z,2021-06-04T19:11:06.102068Z,1.8721031015248777
S0888b,21.7,1284.64,2021-05-27T13:59:53.830171Z,2021-05-27T14:05:02.717604Z,2021-05-27T14:08:59.153698Z,1.765444199861637
S0882a,21.7,1284.64,2021-05-21T08:39:23.121833Z,2021-05-21T08:44:33.213376Z,2021-05-21T08:48:28.122858Z,1.7575488184145673
S0875c,22.8,1349.7600000000002,2021-05-14T04:41:38.306482Z,2021-05-14T04:46:57.974939Z,2021-05-14T04:51:04.969309Z,1.7726579354058696
S0871b,25.4,1503.68,2021-05-10T00:22:16.610815Z,2021-05-10T00:27:21.561733Z,2021-05-10T00:31:56.465536Z,1.9014690127937246
S0868c,26.7,1580.64,2021-05-07T00:37:21.98076Z,2021-05-07T00:42:42.239611Z,2021-05-07T00:47:31.847571Z,1.904293383604252
S0866b,25.8,1527.3600000000001,2021-05-04T22:59:31.353779Z,2021-05-04T23:04:44.442927Z,2021-05-04T23:09:23.705685Z,1.8919592383955766
S0850a,8.27,489.584,2021-04-17T19:05:53.824697Z,2021-04-17T19:10:58.737886Z,2021-04-17T19:12:28.295219Z,1.2937141987649476
S0827a,21.0,1243.2,2021-03-25T18:06:00.703912Z,2021-03-25T18:11:04.786929Z,2021-03-25T18:14:52.79554Z,1.7498235621623026
S0802a,30.01,1776.592,2021-02-28T06:07:21.541Z,2021-02-28T06:10:52.9Z,2021-02-28T06:11:05.70138Z,1.0605669973835985
S0794a,17.6,1041.92,2021-02-19T01:21:16.645281Z,2021-02-19T01:26:21.545601Z,2021-02-19T01:29:31.879777Z,1.624250496030965
S0793a,3.02,178.78400000000002,2021-02-18T19:31:23.20042Z,2021-02-18T19:36:28.435804Z,2021-02-18T19:37:01.121583Z,1.1070838464782968
S0784a,34.5,2042.4,2021-02-09T12:11:32.608736Z,2021-02-09T12:15:51.8Z,2021-02-09T12:19:03.5Z,1.7396082608710146
S0758a,17.6,1041.92,2021-01-14T00:16:24.669242Z,2021-01-14T00:21:37.107394Z,2021-01-14T00:24:47.241802Z,1.6085505460293466
S0756a,19.0,1124.8,2021-01-11T01:07:17.279508Z,2021-01-11T01:12:18.35092Z,2021-01-11T01:15:44.435629Z,1.684504409206411
S0734a,8.29,490.768,2020-12-19T10:09:04.548495Z,2020-12-19T10:14:04.723797Z,2020-12-19T10:15:34.426562Z,1.2988345956590392
S0500a,12.0,710.4000000000001,2020-04-23T22:42:14.0000Z,2020-04-23T22:42:51.837564Z,2020-04-23T22:45:01.638886Z,4.4304883369341646
S0490a,17.4,1030.08,2020-04-13T09:35:08.0000Z,2020-04-13T09:37:01.747831Z,2020-04-13T09:40:09.869034Z,2.6538443093477535
S0484b,31.8,1882.5600000000002,2020-04-07T08:48:20.56793Z,2020-04-07T08:52:15.0Z,2020-04-07T08:55:24.9Z,1.8100427556690515
S0477a,26.1,1545.1200000000001,2020-03-31T00:45:29.0000Z,2020-03-31T00:48:54.688824Z,2020-03-31T00:53:37.71492Z,2.375991609539272
S0475a,13.9,822.8800000000001,2020-03-29T00:37:59.0000Z,2020-03-29T00:41:19.365993Z,2020-03-29T00:41:19.772196Z,1.0020273051026178
S0474a,29.11,1723.3120000000001,2020-03-28T00:32:48.989803Z,2020-03-28T00:35:20.557371Z,2020-03-28T00:37:58.926548Z,2.0448750949147643
S0460a,21.8,1290.5600000000002,2020-03-12T20:30:48.0000Z,2020-03-12T20:50:39.099115Z,2020-03-12T20:54:35.374476Z,1.1983675061331902
S0436c,21.5,1272.8,2020-02-18T01:59:18.0000Z,2020-02-18T02:04:53.945357Z,2020-02-18T02:08:46.419789Z,1.6920007291542953
S0430c,28.4,1681.28,2020-02-11T20:40:38.0000Z,2020-02-11T20:46:44.741994Z,2020-02-11T20:52:01.998382Z,1.8650669767585983
S0429c,19.7,1166.24,2020-02-11T00:34:56.0000Z,2020-02-11T00:41:31.913028Z,2020-02-11T00:45:04.797629Z,1.537705470505507
S0429a,24.1,1426.7200000000003,2020-02-10T20:37:03.0000Z,2020-02-10T20:41:34.77898Z,2020-02-10T20:45:55.812781Z,1.960463539159651
S0423c,27.3,1616.16,2020-02-04T19:25:43.0000Z,2020-02-04T19:29:49.74088Z,2020-02-04T19:34:56.336899Z,2.2425829842221523
S0418a,29.2,1728.64,2020-01-30T11:53:45.0000Z,2020-01-30T11:55:28.914432Z,2020-01-30T12:00:52.692971Z,4.1158187825152135
S0417a,22.4,1326.08,2020-01-28T17:33:34.0000Z,2020-01-28T17:38:21.287044Z,2020-01-28T17:42:24.193581Z,1.8455185921993755
S0409d,31.08,1839.936,2020-01-21T11:27:02.464172Z,2020-01-21T11:31:04.7Z,2020-01-21T11:34:02.4Z,1.7335826474025966
S0407a,29.29,1733.968,2020-01-19T09:54:02.828041Z,2020-01-19T09:57:15.3Z,2020-01-19T09:57:18.482486Z,1.0165348033892043
S0405f,22.8,1349.7600000000002,2020-01-17T05:34:44.0000Z,2020-01-17T05:48:12.94606Z,2020-01-17T05:52:20.039451Z,1.3054510099227137
S0394a,23.8,1408.96,2020-01-05T19:50:00.0000Z,2020-01-05T19:54:12.746329Z,2020-01-05T19:58:30.534198Z,2.0199470355116413
S0392a,27.0,1598.4,2020-01-03T17:00:00.0000Z,2020-01-03T17:25:09.681727Z,2020-01-03T17:30:14.078434Z,1.2016297220506797
S0387a,32.1,1900.3200000000002,2019-12-29T14:36:06.0000Z,2019-12-29T14:40:50.907069Z,2019-12-29T14:46:38.088407Z,2.218577479381531
S0384b,23.3,1379.3600000000001,2019-12-26T13:04:26.0000Z,2019-12-26T13:09:44.342607Z,2019-12-26T13:13:56.155868Z,1.7910133782374913
S0378b,24.0,1420.8000000000002,2019-12-20T13:08:30.0000Z,2019-12-20T13:12:38.148542Z,2019-12-20T13:16:58.367819Z,2.048643183243043
S0372a,23.7,1403.04,2019-12-14T07:31:54.0000Z,2019-12-14T07:37:52.32844Z,2019-12-14T07:42:10.373778Z,1.7201363586992984
S0371b,24.4,1444.48,2019-12-13T08:23:51.0000Z,2019-12-13T08:31:18.711743Z,2019-12-13T08:35:43.003448Z,1.590316669446841
S0367c,23.9,1414.8799999999999,2019-12-09T03:43:00.0000Z,2019-12-09T03:46:43.157818Z,2019-12-09T03:51:01.688511Z,2.158510579270855
S0366c,22.7,1343.84,2019-12-08T02:33:48.0000Z,2019-12-08T02:36:52.565518Z,2019-12-08T02:40:58.75676Z,2.3338961939792027
S0361c,25.4,1503.68,2019-12-03T00:40:48.0000Z,2019-12-03T00:44:59.169674Z,2019-12-03T00:49:34.091488Z,2.0945661139011555
S0352a,28.4,1681.28,2019-11-23T18:14:20.0000Z,2019-11-23T18:18:28.663221Z,2019-11-23T18:23:36.329729Z,2.237281921961431
S0349a,25.5,1509.6000000000001,2019-11-20T17:09:14.0000Z,2019-11-20T17:12:52.69787Z,2019-11-20T17:17:28.52147Z,2.261208442496491
S0343b,27.0,1598.4,2019-11-14T11:57:48.0000Z,2019-11-14T12:00:14.162092Z,2019-11-14T12:05:06.212998Z,2.9981303086439133
S0342a,25.7,1521.44,2019-11-13T12:56:18.0000Z,2019-11-13T13:07:04.443998Z,2019-11-13T13:11:42.626388Z,1.430327129435271
S0340a,27.1,1604.3200000000002,2019-11-11T09:49:03.0000Z,2019-11-11T09:58:05.801475Z,2019-11-11T10:02:59.032515Z,1.5402178393122459
S0338b,26.6,1574.7200000000003,2019-11-09T07:19:44.0000Z,2019-11-09T07:24:11.406061Z,2019-11-09T07:28:59.697788Z,2.078104684396065
S0334a,19.8,1172.16,2019-11-05T04:00:35.0000Z,2019-11-05T04:55:15.182701Z,2019-11-05T04:58:49.112577Z,1.0652188903791184
S0331a,22.6,1337.92,2019-11-01T08:31:01.0000Z,2019-11-01T08:40:32.394723Z,2019-11-01T08:44:36.576135Z,1.4273427845430067
S0327c,18.4,1089.28,2019-10-29T03:55:01.0000Z,2019-10-29T04:03:12.880677Z,2019-10-29T04:06:31.558477Z,1.403914626636167
S0327a,21.0,1243.2,2019-10-28T23:22:24.0000Z,2019-10-28T23:29:52.358789Z,2019-10-28T23:34:02.668813Z,1.5582806228874884
S0325d,23.6,1397.1200000000001,2019-10-27T03:52:00.0000Z,2019-10-27T04:00:17.25398Z,2019-10-27T04:04:32.638444Z,1.5135895825308427
S0325c,22.7,1343.84,2019-10-27T01:16:25.0000Z,2019-10-27T01:26:26.431581Z,2019-10-27T01:30:35.750307Z,1.4145421256154487
S0325a,39.71,2350.8320000000003,2019-10-26T06:54:04.954477Z,2019-10-26T06:58:29.4Z,2019-10-26T06:58:39.172789Z,1.0369557740631519
S0325b,25.9,1533.28,2019-10-26T04:38:25.0000Z,2019-10-26T04:41:26.728173Z,2019-10-26T04:46:06.906561Z,2.54174437223886
S0323c,22.3,1320.16,2019-10-25T00:53:41.0000Z,2019-10-25T00:58:27.574514Z,2019-10-25T01:02:29.504517Z,1.8442132540788325
S0323a,23.2,1373.44,2019-10-24T21:08:41.0000Z,2019-10-24T21:14:03.077876Z,2019-10-24T21:18:14.118129Z,1.7794396067117628
S0321a,23.3,1379.3600000000001,2019-10-22T19:35:59.0000Z,2019-10-22T19:41:59.171988Z,2019-10-22T19:46:11.045403Z,1.6993142814870987
S0319b,25.7,1521.44,2019-10-20T17:40:35.0000Z,2019-10-20T17:44:02.688255Z,2019-10-20T17:48:40.865187Z,2.339396548928585
S0319a,23.5,1391.2,2019-10-20T03:24:42.0000Z,2019-10-20T03:26:02.980505Z,2019-10-20T03:30:17.488065Z,4.142825054005282
S0315b,23.2,1373.44,2019-10-16T15:10:36.0000Z,2019-10-16T15:12:45.452857Z,2019-10-16T15:16:56.974777Z,2.942961521505856
S0314b,23.7,1403.04,2019-10-15T15:36:28.0000Z,2019-10-15T15:41:52.661208Z,2019-10-15T15:46:08.77436Z,1.7888628074099941
S0314a,19.7,1166.24,2019-10-15T14:24:12.0000Z,2019-10-15T14:25:54.814639Z,2019-10-15T14:29:28.308286Z,3.076490751477521
S0311b,25.8,1527.3600000000001,2019-10-12T16:14:58.0000Z,2019-10-12T16:18:09.987235Z,2019-10-12T16:22:49.356352Z,2.455144228729582
S0308a,26.6,1574.7200000000003,2019-10-09T15:41:29.0000Z,2019-10-09T15:46:05.837844Z,2019-10-09T15:50:53.671366Z,2.0397188398852
S0304b,25.4,1503.68,2019-10-05T12:44:18.0000Z,2019-10-05T12:47:58.829768Z,2019-10-05T12:52:34.120996Z,2.2466219137630032
S0291c,22.4,1326.08,2019-09-22T03:42:26.0000Z,2019-09-22T03:46:08.44948Z,2019-09-22T03:46:12.188177Z,1.0168069487058364
S0290b,30.37,1797.9040000000002,2019-09-21T03:15:13.328456Z,2019-09-21T03:19:08.353471Z,2019-09-21T03:22:04.90569Z,1.751206074808675
S0289a,26.3,1556.96,2019-09-19T23:56:34.0000Z,2019-09-20T00:02:03.955499Z,2019-09-20T00:06:48.642962Z,1.862805632465001
S0265e,24.0,1420.8000000000002,2019-08-26T10:23:58.0000Z,2019-08-26T10:27:40.979928Z,2019-08-26T10:27:42.059996Z,1.0048437902446539
S0264b,23.7,1403.04,2019-08-25T06:16:22.0000Z,2019-08-25T06:20:12.323113Z,2019-08-25T06:24:28.535714Z,2.112405080249154
S0263c,25.9,1533.28,2019-08-24T07:02:53.0000Z,2019-08-24T07:05:24.689043Z,2019-08-24T07:10:04.624797Z,2.8454579741794537
S0263a,6.44,381.24800000000005,2019-08-23T11:07:18.0000Z,2019-08-23T11:09:52.856529Z,2019-08-23T11:11:03.549154Z,1.4565040005513747
S0260a,25.2,1491.84,2019-08-21T05:05:57.0000Z,2019-08-21T05:11:21.340164Z,2019-08-21T05:15:54.680472Z,1.8427581235360047
S0257b,25.9,1533.28,2019-08-18T01:01:07.0000Z,2019-08-18T01:05:45.88144Z,2019-08-18T01:10:26.111177Z,2.0048346602054266
S0255b,30.2,1787.8400000000001,2019-08-16T03:53:41.0000Z,2019-08-16T04:03:03.191607Z,2019-08-16T04:08:30.100736Z,1.5814905895597975
S0252a,20.1,1189.92,2019-08-12T23:45:53.0000Z,2019-08-12T23:51:57.609448Z,2019-08-12T23:55:35.009899Z,1.5962556708075213
S0248b,16.8,994.5600000000001,2019-08-08T21:49:52.0000Z,2019-08-08T21:50:41.434077Z,2019-08-08T21:53:43.332881Z,4.679623754277843
S0248a,17.7,1047.84,2019-08-08T21:20:02.0000Z,2019-08-08T21:21:07.142995Z,2019-08-08T21:24:18.359783Z,3.9353392179773126
S0247b,24.3,1438.5600000000002,2019-08-07T21:58:10.0000Z,2019-08-07T21:58:51.068342Z,2019-08-07T22:03:14.445182Z,7.413135451146286
S0246a,25.5,1509.6000000000001,2019-08-06T18:15:53.0000Z,2019-08-06T18:16:35.662752Z,2019-08-06T18:21:11.705148Z,7.470337309698166
S0239a,26.4,1562.8799999999999,2019-07-30T14:13:18.0000Z,2019-07-30T14:17:03.31262Z,2019-07-30T14:21:49.268635Z,2.2691522339050514
S0231b,23.4,1385.28,2019-07-22T08:09:45.0000Z,2019-07-22T08:10:02.193185Z,2019-07-22T08:14:24.105122Z,16.23347401892087
S0229a,26.0,1539.2,2019-07-20T08:46:52.0000Z,2019-07-20T08:50:23.814964Z,2019-07-20T08:55:05.118377Z,2.328062039091818
S0228c,21.4,1266.8799999999999,2019-07-19T09:36:34.0000Z,2019-07-19T09:38:25.190746Z,2019-07-19T09:42:21.315577Z,3.123601464100259
S0227d,23.5,1391.2,2019-07-18T08:41:45.0000Z,2019-07-18T08:44:00.835352Z,2019-07-18T08:48:42.769249Z,3.0755561262137414
S0222a,20.1,1189.92,2019-07-13T03:30:12.0000Z,2019-07-13T03:32:39.752227Z,2019-07-13T03:32:44.165683Z,1.0298706563658089
S0219c,26.7,1580.64,2019-07-10T03:19:32.0000Z,2019-07-10T03:20:14.301792Z,2019-07-10T03:25:03.159292Z,7.828493223171255
S0216b,22.7,1343.84,2019-07-06T09:55:17.0000Z,2019-07-06T10:01:07.758222Z,2019-07-06T10:05:13.559394Z,1.7007709487134988
S0194c,27.7,1639.8400000000001,2019-06-14T10:29:37.0000Z,2019-06-14T10:29:41.787001Z,2019-06-14T10:30:22.330049Z,9.469404539501872
S0189a,33.42,1978.4640000000002,2019-06-09T05:35:55.504179Z,2019-06-09T05:40:05.564239Z,2019-06-09T05:43:19.4698Z,1.7754359532665873
S0185b,27.3,1616.16,2019-06-05T03:25:46.0000Z,2019-06-05T03:29:12.39425Z,2019-06-05T03:29:15.051849Z,1.0128763228626767
S0185a,59.83,3541.936,2019-06-05T02:06:37.945316Z,2019-06-05T02:13:36.867457Z,2019-06-05T02:19:34.867864Z,1.8545750438146453
S0183a,46.36,2744.512,2019-06-03T02:22:01.995079Z,2019-06-03T02:27:26.9Z,2019-06-03T02:27:47.672951Z,1.0639354766805762
S0128a,7.79,461.168,2019-04-07T09:31:52.0000Z,2019-04-07T09:33:36.36928Z,2019-04-07T09:33:36.50275Z,1.0012788245736677
S0105a,32.52,1925.1840000000002,2019-03-14T20:59:21.050826Z,2019-03-14T21:03:03.6Z,2019-03-14T21:03:28.123118Z,1.1101919075197286
