Event_ID,Distance,Distance_km,t0,tp,ts,Vp_Vs_Ratio
S1222a,37.01,2190.992,2022-05-04T23:23:07.710516Z,2022-05-04T23:27:45.836925Z,2022-05-04T23:27:45.331451Z,0.9981825746004579
S1133c,30.19,1787.2480000000003,2022-02-03T08:04:36.469259Z,2022-02-03T08:08:27.938504Z,2022-02-03T08:08:25.290742Z,0.9885610634795132
S1102a,73.31,4339.952,2022-01-02T04:27:10.093677Z,2022-01-02T04:35:30.847431Z,2022-01-02T04:35:28.844688Z,0.9960005432131018
S1094b,59.65,3531.28,2021-12-24T22:38:02.749173Z,2021-12-24T22:45:09.075499Z,2021-12-24T22:45:08.063325Z,0.9976258233698662
S1048d,30.19,1787.2480000000003,2021-11-07T22:00:15.254098Z,2021-11-07T22:07:00.132516Z,2021-11-07T22:07:00.878113Z,1.001841533079691
S1022a,30.73,1819.2160000000001,2021-10-11T23:14:29.105382Z,2021-10-11T23:19:05.482059Z,2021-10-11T23:18:20.004721Z,0.8354516072280587
S1015f,27.49,1627.408,2021-10-04T04:52:29.248537Z,2021-10-04T04:56:32.365918Z,2021-10-04T04:55:55.150429Z,0.846923782878362
S1000a,128.29,7594.768,2021-09-18T17:46:20.639751Z,2021-09-18T18:01:47.477589Z,2021-09-18T18:14:08.554403Z,1.7995754851778072
S0976a,146.26,8658.592,2021-08-25T03:32:20.629953Z,2021-08-25T03:49:06.404728Z,2021-08-25T03:48:56.429772Z,0.990082316391361
S0864a,28.75,1702.0,2021-05-02T00:57:35.34519Z,2021-05-02T01:05:35.256361Z,2021-05-02T01:04:04.054802Z,0.8099615834947922
S0820a,30.19,1787.2480000000003,2021-03-18T14:51:33.869889Z,2021-03-18T14:56:14.710057Z,2021-03-18T14:54:10.36157Z,0.5572268458406562
S0809a,29.83,1765.936,2021-03-07T11:09:26.99714Z,2021-03-07T11:15:02.69652Z,2021-03-07T11:13:14.930832Z,0.6789815697604208
S0235b,28.75,1702.0,2019-07-26T12:15:38.748239Z,2019-07-26T12:20:31.432704Z,2019-07-26T12:22:05.323182Z,1.3207907806107853
S0173a,30.01,1776.592,2019-05-23T02:19:09.852879Z,2019-05-23T02:22:59.069095Z,2019-05-23T02:22:58.043698Z,0.9955265076010155
S1197a,31.98,1893.2160000000001,2022-04-09T22:05:52.41687Z,2022-04-09T22:09:55.523977Z,2022-04-09T22:13:00.58318Z,1.761224981382383
S1192a,25.5,1509.6000000000001,2022-04-04T23:06:52.616746Z,2022-04-04T23:12:12.572401Z,2022-04-04T23:11:52.616746Z,0.937629934998336
S1163a,23.1,1367.5200000000002,2022-03-06T02:29:13.668752Z,2022-03-06T02:34:18.697973Z,2022-03-06T02:34:13.668752Z,0.9835123304465312
S1160a,2.14,126.68800000000002,2022-03-02T06:51:40.637485Z,2022-03-02T06:56:42.656456Z,2022-03-02T06:56:52.590229Z,1.0328912219226123
S1157a,35.58,2106.336,2022-02-27T01:02:36.620313Z,2022-02-27T01:11:17.831943Z,2022-02-27T01:07:02.379242Z,0.5098867978061042
S1153a,84.81,5020.752,2022-02-23T21:00:32.548262Z,2022-02-23T21:09:45.253968Z,2022-02-23T21:09:33.746256Z,0.9791793139186445
S1135c,20.0,1184.0,2022-02-05T04:34:04.201673Z,2022-02-05T04:39:24.217017Z,2022-02-05T04:39:04.201673Z,0.9374550490303989
S1106a,38.5,2279.2000000000003,2022-01-06T14:53:18.310024Z,2022-01-06T14:58:22.590713Z,2022-01-06T15:05:17.434669Z,2.3633594605144332
S1105a,22.4,1326.08,2022-01-05T07:59:04.008824Z,2022-01-05T08:10:39.599455Z,2022-01-05T08:02:58.25907Z,0.3367645214876392
S1094d,24.4,1444.48,2021-12-25T03:31:41.685086Z,2021-12-25T03:41:37.412248Z,2021-12-25T03:41:16.658691Z,0.9651626477289951
S1091a,20.2,1195.84,2021-12-21T23:57:27.099737Z,2021-12-22T00:02:46.930495Z,2021-12-22T00:06:25.465309Z,1.6832826691421594
S1090b,9.8,580.1600000000001,2021-12-20T22:17:13.77851Z,2021-12-20T22:22:23.873614Z,2021-12-20T22:22:13.77851Z,0.9674451357993707
S1087d,26.8,1586.5600000000002,2021-12-18T00:42:23.809954Z,2021-12-18T00:52:55.034499Z,2021-12-18T00:52:08.501611Z,0.9262815611835878
S1086d,24.9,1474.08,2021-12-16T23:02:32.671075Z,2021-12-16T23:07:42.4055Z,2021-12-16T23:07:32.671075Z,0.9685717046143644
S1082c,21.2,1255.04,2021-12-12T20:20:50.278146Z,2021-12-12T20:25:58.383505Z,2021-12-12T20:25:50.278146Z,0.973692898343907
S1077c,23.0,1361.6000000000001,2021-12-07T14:01:49.15588Z,2021-12-07T14:06:59.285347Z,2021-12-07T14:06:49.15588Z,0.9673379408348837
S1075c,25.6,1515.5200000000002,2021-12-05T14:43:47.693762Z,2021-12-05T14:52:50.388508Z,2021-12-05T14:53:48.242672Z,1.1066053512152483
S1073d,26.5,1568.8000000000002,2021-12-03T14:28:52.584603Z,2021-12-03T14:33:57.521266Z,2021-12-03T14:33:52.584603Z,0.9838108577977059
S1071b,25.0,1480.0,2021-12-01T12:19:05.491437Z,2021-12-01T12:30:21.994944Z,2021-12-01T12:24:05.491437Z,0.4434566811491784
S1068c,24.0,1420.8000000000002,2021-11-28T08:10:32.786857Z,2021-11-28T08:15:52.77573Z,2021-11-28T08:20:12.269144Z,1.8109451168322344
S1065b,22.5,1332.0,2021-11-25T11:06:55.004195Z,2021-11-25T11:12:04.938873Z,2021-11-25T11:16:08.182224Z,1.7848213454836441
S1060a,26.9,1592.48,2021-11-19T11:40:11.95703Z,2021-11-19T11:45:24.195699Z,2021-11-19T11:50:15.90031Z,1.9342360186655803
S1054c,26.2,1551.04,2021-11-14T03:24:25.479129Z,2021-11-14T03:36:02.714867Z,2021-11-14T03:29:25.479129Z,0.43027054359052375
S1054b,25.3,1497.7600000000002,2021-11-14T02:15:32.55535Z,2021-11-14T02:26:24.170822Z,2021-11-14T02:20:32.55535Z,0.46039422464787644
S1050b,24.5,1450.4,2021-11-09T23:56:59.675394Z,2021-11-10T00:05:28.312134Z,2021-11-10T00:06:44.188439Z,1.1491758243810701
S1047a,13.6,805.12,2021-11-06T16:54:15.278383Z,2021-11-06T16:59:17.295172Z,2021-11-06T16:59:15.278383Z,0.9933222619620659
S1044b,22.6,1337.92,2021-11-03T17:38:02.916703Z,2021-11-03T17:43:12.5471Z,2021-11-03T17:34:17.074883Z,-0.7293916301118201
S1040d,25.7,1521.44,2021-10-30T17:27:18.756657Z,2021-10-30T17:34:22.599813Z,2021-10-30T17:32:18.756657Z,0.7078089990439765
S1040b,20.2,1195.84,2021-10-30T13:56:44.537738Z,2021-10-30T14:07:41.180293Z,2021-10-30T14:01:44.537738Z,0.45686956734017947
S1039b,30.37,1797.9040000000002,2021-10-29T16:14:25.453174Z,2021-10-29T16:19:48.465549Z,2021-10-29T16:15:56.296678Z,0.2812384633870451
S1034b,27.9,1651.68,2021-10-24T09:20:13.843379Z,2021-10-24T09:25:23.727387Z,2021-10-24T09:30:25.663597Z,1.97435234541048
S1034a,0.84,49.728,2021-10-23T18:21:42.66185Z,2021-10-23T18:26:43.161912Z,2021-10-23T18:26:42.66185Z,0.998335900509731
S1030a,11.2,663.04,2021-10-20T08:22:51.053546Z,2021-10-20T08:28:01.331556Z,2021-10-20T08:27:51.053546Z,0.9668748358931398
S1026c,31.5,1864.8000000000002,2021-10-16T06:42:35.022933Z,2021-10-16T06:49:21.784423Z,2021-10-16T06:53:48.543264Z,1.6558114461622218
S1025g,25.6,1515.5200000000002,2021-10-15T07:50:43.47769Z,2021-10-15T07:55:45.139953Z,2021-10-15T08:00:22.630487Z,1.9198715518486977
S1024c,21.7,1284.64,2021-10-14T05:58:20.206396Z,2021-10-14T06:03:38.615272Z,2021-10-14T06:03:20.206396Z,0.942184790099884
S1019b,30.4,1799.68,2021-10-09T01:49:26.911166Z,2021-10-09T01:54:36.837377Z,2021-10-09T02:00:05.550309Z,2.0606167543538287
S1017a,27.6,1633.92,2021-10-06T22:12:19.313507Z,2021-10-06T22:17:29.354855Z,2021-10-06T22:17:19.313507Z,0.9676128746543831
S1012d,38.27,2265.5840000000003,2021-10-02T00:29:27.840413Z,2021-10-02T00:38:25.50768Z,2021-10-02T00:34:03.626131Z,0.5129300869267907
S1007d,22.7,1343.84,2021-09-26T20:03:15.38973Z,2021-09-26T20:13:44.631782Z,2021-09-26T20:06:31.091037Z,0.31101117030875114
S0999c,24.7,1462.24,2021-09-18T13:29:29.184012Z,2021-09-18T13:38:47.417743Z,2021-09-18T13:39:16.331554Z,1.0517951700055903
S0997a,21.5,1272.8,2021-09-16T12:21:10.496236Z,2021-09-16T12:26:15.544186Z,2021-09-16T12:16:16.106498Z,-0.9650605355649825
S0994d,23.4,1385.28,2021-09-13T10:10:23.406981Z,2021-09-13T10:15:33.419688Z,2021-09-13T10:15:23.406981Z,0.9677022690557004
S0994b,24.1,1426.7200000000003,2021-09-13T07:05:58.890533Z,2021-09-13T07:11:18.884641Z,2021-09-13T07:15:39.618141Z,1.8148071901373886
S0992a,24.2,1432.64,2021-09-11T07:46:22.516863Z,2021-09-11T07:51:42.876068Z,2021-09-11T07:51:22.516863Z,0.9364488215657797
S0986c,1.22,72.224,2021-09-05T05:18:58.055897Z,2021-09-05T05:24:00.056583Z,2021-09-05T05:23:58.055897Z,0.9933752269688554
S0986a,23.5,1391.2,2021-09-05T02:46:57.359065Z,2021-09-05T02:53:11.376512Z,2021-09-05T02:51:57.359065Z,0.802101619607066
S0981c,3.45,204.24,2021-08-31T03:59:01.746379Z,2021-08-31T04:04:33.786318Z,2021-08-31T04:04:41.107132Z,1.022047992244692
S0976b,15.7,929.44,2021-08-25T16:50:18.515853Z,2021-08-25T16:58:42.525045Z,2021-08-25T16:55:18.515853Z,0.5952272394270143
S0965b,23.4,1385.28,2021-08-14T13:26:21.167287Z,2021-08-14T13:31:31.801906Z,2021-08-14T13:35:45.112667Z,1.815462107267574
S0965a,8.85,523.92,2021-08-14T11:16:58.03701Z,2021-08-14T11:26:03.588764Z,2021-08-14T11:21:58.03701Z,0.5499019988486739
S0946a,22.5,1332.0,2021-07-25T23:59:56.310642Z,2021-07-26T00:05:32.949884Z,2021-07-25T23:50:55.902599Z,-1.60530317199324
S0943f,24.0,1420.8000000000002,2021-07-23T00:35:33.757199Z,2021-07-23T00:40:53.806495Z,2021-07-23T00:34:57.781039Z,-0.11240818351932884
S0940a,21.7,1284.64,2021-07-19T21:40:39.873077Z,2021-07-19T21:50:32.307246Z,2021-07-19T21:50:00.678716Z,0.9466125830429609
S0933b,27.0,1598.4,2021-07-12T17:07:14.944102Z,2021-07-12T17:12:24.424634Z,2021-07-12T17:12:14.944102Z,0.9693663057293698
S0933a,25.5,1509.6000000000001,2021-07-12T15:12:27.338932Z,2021-07-12T15:18:58.721895Z,2021-07-12T15:17:27.338932Z,0.7665126700980083
S0924b,24.0,1420.8000000000002,2021-07-03T12:08:35.880081Z,2021-07-03T12:19:42.626745Z,2021-07-03T12:03:05.192585Z,-0.49597172937636175
S0923c,23.7,1403.04,2021-07-02T11:08:42.854365Z,2021-07-02T11:13:52.925399Z,2021-07-02T11:18:09.928105Z,1.8288510625600716
S0919a,24.3,1438.5600000000002,2021-06-28T06:03:42.956853Z,2021-06-28T06:08:53.465106Z,2021-06-28T06:13:16.20726Z,1.8461680211765576
S0918c,24.3,1438.5600000000002,2021-06-27T08:25:34.583863Z,2021-06-27T08:30:39.500288Z,2021-06-27T08:35:02.122316Z,1.861291837591235
S0918a,27.85,1648.7200000000003,2021-06-27T05:31:55.541885Z,2021-06-27T05:35:24.641985Z,2021-06-27T05:35:04.667245Z,0.9044728338245653
S0916e,22.2,1314.24,2021-06-25T07:35:26.846924Z,2021-06-25T07:46:42.686547Z,2021-06-25T07:44:39.325876Z,0.81747049625115
S0916d,29.29,1733.968,2021-06-25T05:13:42.960151Z,2021-06-25T05:17:32.42962Z,2021-06-25T05:17:12.45543Z,0.9129549125334839
S0899b,26.5,1568.8000000000002,2021-06-07T18:24:23.083313Z,2021-06-07T18:34:33.486877Z,2021-06-07T18:34:29.596583Z,0.99362668531208
S0896b,25.6,1515.5200000000002,2021-06-04T19:01:11.383475Z,2021-06-04T19:06:29.057535Z,2021-06-04T18:58:15.847683Z,-0.552565708386766
S0888b,21.7,1284.64,2021-05-27T13:59:53.830171Z,2021-05-27T14:11:16.489366Z,2021-05-27T14:04:53.830171Z,0.43945793478984785
S0882a,21.7,1284.64,2021-05-21T08:39:23.121833Z,2021-05-21T08:44:33.213376Z,2021-05-21T08:44:23.121833Z,0.9674562456545291
S0875c,22.8,1349.7600000000002,2021-05-14T04:41:38.306482Z,2021-05-14T04:51:52.404674Z,2021-05-14T04:46:38.306482Z,0.4885212233290535
S0871b,25.4,1503.68,2021-05-10T00:22:16.610815Z,2021-05-10T00:33:30.919365Z,2021-05-10T00:27:16.610815Z,0.44490018701379364
S0869b,30.5,1805.6000000000001,2021-05-07T20:57:39.194259Z,2021-05-07T21:09:05.722578Z,2021-05-07T21:02:39.194259Z,0.43698124563453006
S0868c,26.7,1580.64,2021-05-07T00:37:21.98076Z,2021-05-07T00:42:42.274305Z,2021-05-07T00:37:57.466207Z,0.11079039073360034
S0866b,25.8,1527.3600000000001,2021-05-04T22:59:31.353779Z,2021-05-04T23:09:15.559234Z,2021-05-04T23:09:23.705685Z,1.01394449663261
S0850a,8.27,489.584,2021-04-17T19:05:53.824697Z,2021-04-17T19:10:58.737886Z,2021-04-17T19:10:53.824697Z,0.9838865973095051
S0827a,21.0,1243.2,2021-03-25T18:06:00.703912Z,2021-03-25T18:20:02.434231Z,2021-03-25T18:01:33.543461Z,-0.31739435418863654
S0802a,30.01,1776.592,2021-02-28T06:07:21.541Z,2021-02-28T06:11:10.703162Z,2021-02-28T06:11:05.70138Z,0.9781736131464845
S0794a,17.6,1041.92,2021-02-19T01:21:16.645281Z,2021-02-19T01:26:21.545601Z,2021-02-19T01:15:02.209685Z,-1.228059045657938
S0793a,3.02,178.78400000000002,2021-02-18T19:31:23.20042Z,2021-02-18T19:36:28.435804Z,2021-02-18T19:36:23.20042Z,0.9828480435937925
S0784a,34.5,2042.4,2021-02-09T12:11:32.608736Z,2021-02-09T12:15:59.906598Z,2021-02-09T12:15:46.472278Z,0.9497402639157659
S0758a,17.6,1041.92,2021-01-14T00:16:24.669242Z,2021-01-14T00:25:15.780424Z,2021-01-14T00:21:24.669242Z,0.5648534810927781
S0756a,19.0,1124.8,2021-01-11T01:07:17.279508Z,2021-01-11T01:15:00.265676Z,2021-01-11T01:15:44.435629Z,1.0954023166411313
S0734a,8.29,490.768,2020-12-19T10:09:04.548495Z,2020-12-19T10:17:32.679948Z,2020-12-19T10:15:34.426562Z,0.7672779645860655
S0500a,12.0,710.4000000000001,2020-04-23T22:42:14.0000Z,2020-04-23T22:42:51.837564Z,2020-04-23T22:45:01.638886Z,4.4304883369341646
S0490a,17.4,1030.08,2020-04-13T09:35:08.0000Z,2020-04-13T09:37:01.747831Z,2020-04-13T09:33:39.85189Z,-0.7749432162798778
S0484b,31.8,1882.5600000000002,2020-04-07T08:48:20.56793Z,2020-04-07T08:56:35.293652Z,2020-04-07T08:55:28.51093Z,0.8650106128906715
S0477a,26.1,1545.1200000000001,2020-03-31T00:45:29.0000Z,2020-03-31T00:54:30.910187Z,2020-03-31T00:53:37.71492Z,0.9018374847417291
S0475a,13.9,822.8800000000001,2020-03-29T00:37:59.0000Z,2020-03-29T00:43:48.994622Z,2020-03-29T00:36:00.25223Z,-0.3392845562066951
S0474a,29.11,1723.3120000000001,2020-03-28T00:32:48.989803Z,2020-03-28T00:35:20.557371Z,2020-03-28T00:37:58.926548Z,2.0448750949147643
S0460a,21.8,1290.5600000000002,2020-03-12T20:30:48.0000Z,2020-03-12T20:55:37.124383Z,2020-03-12T20:50:36.177444Z,0.7979034240284815
S0436c,21.5,1272.8,2020-02-18T01:59:18.0000Z,2020-02-18T02:09:31.140379Z,2020-02-18T02:04:51.213103Z,0.5434532032345565
S0432a,24.7,1462.24,2020-02-14T01:52:41.0000Z,2020-02-14T01:53:27.580588Z,2020-02-14T01:57:55.319777Z,6.747870529242783
S0430c,28.4,1681.28,2020-02-11T20:40:38.0000Z,2020-02-11T20:46:54.368881Z,2020-02-11T20:41:04.934424Z,0.0715638974413509
S0429c,19.7,1166.24,2020-02-11T00:34:56.0000Z,2020-02-11T00:41:31.913028Z,2020-02-11T00:36:53.249477Z,0.2961495801042445
S0429a,24.1,1426.7200000000003,2020-02-10T20:37:03.0000Z,2020-02-10T20:47:31.039394Z,2020-02-10T20:37:17.920832Z,0.023757796314286615
S0424c,31.2,1847.04,2020-02-05T17:26:12.0000Z,2020-02-05T17:34:36.956407Z,2020-02-05T17:30:01.186076Z,0.45387299343644133
S0423c,27.3,1616.16,2020-02-04T19:25:43.0000Z,2020-02-04T19:30:00.364092Z,2020-02-04T19:29:47.49571Z,0.9499993107041521
S0421a,36.8,2178.56,2020-02-02T17:37:27.0000Z,2020-02-02T17:42:22.254567Z,2020-02-02T17:30:40.327439Z,-1.3773624744642814
S0418a,29.2,1728.64,2020-01-30T11:53:45.0000Z,2020-01-30T12:11:40.325555Z,2020-01-30T11:47:21.599295Z,-0.3565438422041407
S0417a,22.4,1326.08,2020-01-28T17:33:34.0000Z,2020-01-28T17:42:51.621381Z,2020-01-28T17:38:18.756785Z,0.51066331870083
S0409d,31.08,1839.936,2020-01-21T11:27:02.464172Z,2020-01-21T11:32:40.871386Z,2020-01-21T11:34:06.015898Z,1.2516037143345293
S0408b,24.4,1444.48,2020-01-20T06:05:53.0000Z,2020-01-20T06:06:04.692665Z,2020-01-20T06:10:29.372149Z,23.63636938200145
S0407a,29.29,1733.968,2020-01-19T09:54:02.828041Z,2020-01-19T09:58:39.624452Z,2020-01-19T09:57:40.521635Z,0.7864754937158488
S0405f,22.8,1349.7600000000002,2020-01-17T05:34:44.0000Z,2020-01-17T05:53:24.304753Z,2020-01-17T05:48:10.752377Z,0.7201186773863487
S0394a,23.8,1408.96,2020-01-05T19:50:00.0000Z,2020-01-05T19:54:12.746329Z,2020-01-05T19:54:07.470626Z,0.9791264901022558
S0392a,27.0,1598.4,2020-01-03T17:00:00.0000Z,2020-01-03T17:25:21.391773Z,2020-01-03T17:30:14.078434Z,1.1923808621778316
S0387a,32.1,1900.3200000000002,2019-12-29T14:36:06.0000Z,2019-12-29T14:42:11.755136Z,2019-12-29T14:40:41.22847Z,0.7524937940994492
S0384b,23.3,1379.3600000000001,2019-12-26T13:04:26.0000Z,2019-12-26T13:15:32.615487Z,2019-12-26T13:09:43.134175Z,0.47573778465185884
S0378b,24.0,1420.8000000000002,2019-12-20T13:08:30.0000Z,2019-12-20T13:18:21.305378Z,2019-12-20T13:12:36.581946Z,0.4170128586248035
S0372a,23.7,1403.04,2019-12-14T07:31:54.0000Z,2019-12-14T07:43:32.809435Z,2019-12-14T07:42:10.373778Z,0.8820341385344919
S0371b,24.4,1444.48,2019-12-13T08:23:51.0000Z,2019-12-13T08:31:18.711743Z,2019-12-13T08:31:10.664649Z,0.9820261716923516
S0367c,23.9,1414.8799999999999,2019-12-09T03:43:00.0000Z,2019-12-09T03:51:28.013776Z,2019-12-09T03:46:42.499474Z,0.4379792133825914
S0366c,22.7,1343.84,2019-12-08T02:33:48.0000Z,2019-12-08T02:37:23.999157Z,2019-12-08T02:40:58.75676Z,1.9942520423818135
S0361c,25.4,1503.68,2019-12-03T00:40:48.0000Z,2019-12-03T00:48:09.733061Z,2019-12-03T00:44:57.814616Z,0.5655329837310954
S0352a,28.4,1681.28,2019-11-23T18:14:20.0000Z,2019-11-23T18:24:53.0107Z,2019-11-23T18:23:36.329729Z,0.8788630729306788
S0349a,25.5,1509.6000000000001,2019-11-20T17:09:14.0000Z,2019-11-20T17:12:52.69787Z,2019-11-20T17:12:29.879989Z,0.895664822890136
S0343b,27.0,1598.4,2019-11-14T11:57:48.0000Z,2019-11-14T12:00:14.162092Z,2019-11-14T12:05:06.212998Z,2.9981303086439133
S0342a,25.7,1521.44,2019-11-13T12:56:18.0000Z,2019-11-13T13:12:21.659665Z,2019-11-13T13:07:01.432501Z,0.667696827385631
S0340a,27.1,1604.3200000000002,2019-11-11T09:49:03.0000Z,2019-11-11T09:59:16.486038Z,2019-11-11T10:02:59.032515Z,1.3627571993741119
S0338b,26.6,1574.7200000000003,2019-11-09T07:19:44.0000Z,2019-11-09T07:24:13.135612Z,2019-11-09T07:17:57.323831Z,-0.39636586257488665
S0334a,19.8,1172.16,2019-11-05T04:00:35.0000Z,2019-11-05T04:55:15.182701Z,2019-11-05T04:58:49.112577Z,1.0652188903791184
S0331a,22.6,1337.92,2019-11-01T08:31:01.0000Z,2019-11-01T08:41:24.594286Z,2019-11-01T08:44:36.576135Z,1.3078633869971028
S0327c,18.4,1089.28,2019-10-29T03:55:01.0000Z,2019-10-29T04:09:11.090369Z,2019-10-29T04:01:37.754406Z,0.4667202693599744
S0327a,21.0,1243.2,2019-10-28T23:22:24.0000Z,2019-10-28T23:30:15.262941Z,2019-10-28T23:34:02.668813Z,1.4825456283862557
S0325d,23.6,1397.1200000000001,2019-10-27T03:52:00.0000Z,2019-10-27T04:06:18.002161Z,2019-10-27T04:00:16.761211Z,0.5789743121637663
S0325c,22.7,1343.84,2019-10-27T01:16:25.0000Z,2019-10-27T01:32:01.150878Z,2019-10-27T01:26:23.581594Z,0.6394071811146664
S0325a,39.71,2350.8320000000003,2019-10-26T06:54:04.954477Z,2019-10-26T07:00:29.35734Z,2019-10-26T07:02:46.088483Z,1.3556975146670538
S0325b,25.9,1533.28,2019-10-26T04:38:25.0000Z,2019-10-26T04:49:07.406117Z,2019-10-26T04:41:24.69364Z,0.27971969015357306
S0323c,22.3,1320.16,2019-10-25T00:53:41.0000Z,2019-10-25T01:03:18.422229Z,2019-10-25T00:58:07.350059Z,0.46127434245348387
S0323a,23.2,1373.44,2019-10-24T21:08:41.0000Z,2019-10-24T21:14:03.077876Z,2019-10-24T21:14:01.1308Z,0.99395464219964
S0321a,23.3,1379.3600000000001,2019-10-22T19:35:59.0000Z,2019-10-22T19:41:59.171988Z,2019-10-22T19:41:52.126578Z,0.9804387619394765
S0319b,25.7,1521.44,2019-10-20T17:40:35.0000Z,2019-10-20T17:44:02.688255Z,2019-10-20T17:48:40.865187Z,2.339396548928585
S0319a,23.5,1391.2,2019-10-20T03:24:42.0000Z,2019-10-20T03:27:52.15419Z,2019-10-20T03:25:48.491702Z,0.34967255783319845
S0315b,23.2,1373.44,2019-10-16T15:10:36.0000Z,2019-10-16T15:17:19.376121Z,2019-10-16T15:12:41.388803Z,0.31084835336596434
S0314b,23.7,1403.04,2019-10-15T15:36:28.0000Z,2019-10-15T15:46:59.417195Z,2019-10-15T15:46:08.77436Z,0.9197949701068879
S0314a,19.7,1166.24,2019-10-15T14:24:12.0000Z,2019-10-15T14:30:16.116311Z,2019-10-15T14:25:51.632638Z,0.27362860434999847
S0311b,25.8,1527.3600000000001,2019-10-12T16:14:58.0000Z,2019-10-12T16:18:24.775449Z,2019-10-12T16:15:09.25747Z,0.05444297209578299
S0308a,26.6,1574.7200000000003,2019-10-09T15:41:29.0000Z,2019-10-09T15:48:05.25405Z,2019-10-09T15:42:37.512454Z,0.1729003249304329
S0304b,25.4,1503.68,2019-10-05T12:44:18.0000Z,2019-10-05T12:54:27.664906Z,2019-10-05T12:52:34.120996Z,0.8137601346533796
S0291c,22.4,1326.08,2019-09-22T03:42:26.0000Z,2019-09-22T03:51:11.759554Z,2019-09-22T03:50:10.59084Z,0.8836564860597855
S0290b,30.37,1797.9040000000002,2019-09-21T03:15:13.328456Z,2019-09-21T03:24:01.283363Z,2019-09-21T03:10:56.962651Z,-0.4855827677722484
S0289a,26.3,1556.96,2019-09-19T23:56:34.0000Z,2019-09-20T00:02:03.955499Z,2019-09-20T00:26:05.642067Z,5.369336387389622
S0265e,24.0,1420.8000000000002,2019-08-26T10:23:58.0000Z,2019-08-26T10:33:22.277364Z,2019-08-26T10:25:31.902205Z,0.166411433438255
S0264e,34.5,2042.4,2019-08-25T10:27:57.0000Z,2019-08-25T10:38:16.76747Z,2019-08-25T10:31:36.729273Z,0.35453502101360695
S0264b,23.7,1403.04,2019-08-25T06:16:22.0000Z,2019-08-25T06:29:52.465101Z,2019-08-25T06:13:35.330987Z,-0.20564613182523697
S0263c,25.9,1533.28,2019-08-24T07:02:53.0000Z,2019-08-24T07:11:14.234865Z,2019-08-24T07:00:54.263002Z,-0.2368889442676738
S0263a,6.44,381.24800000000005,2019-08-23T11:07:18.0000Z,2019-08-23T11:11:28.35648Z,2019-08-23T11:07:27.376558Z,0.037452827264546934
S0260a,25.2,1491.84,2019-08-21T05:05:57.0000Z,2019-08-21T05:17:10.062793Z,2019-08-21T05:15:54.680472Z,0.8880010575774019
S0257b,25.9,1533.28,2019-08-18T01:01:07.0000Z,2019-08-18T01:11:40.130991Z,2019-08-18T01:03:18.436169Z,0.20759711792405375
S0255b,30.2,1787.8400000000001,2019-08-16T03:53:41.0000Z,2019-08-16T04:09:07.730564Z,2019-08-16T04:02:52.608218Z,0.5952196241582035
S0252a,20.1,1189.92,2019-08-12T23:45:53.0000Z,2019-08-12T23:56:27.754288Z,2019-08-12T23:48:28.204058Z,0.24451045220824094
S0248b,16.8,994.5600000000001,2019-08-08T21:49:52.0000Z,2019-08-08T21:54:56.178075Z,2019-08-08T21:47:37.298446Z,-0.4428378146584036
S0248a,17.7,1047.84,2019-08-08T21:20:02.0000Z,2019-08-08T21:25:10.028791Z,2019-08-08T21:18:32.579156Z,-0.29030027910605277
S0247b,24.3,1438.5600000000002,2019-08-07T21:58:10.0000Z,2019-08-07T22:03:39.892254Z,2019-08-07T21:55:26.115116Z,-0.4967830617811354
S0247a,18.0,1065.6000000000001,2019-08-07T21:41:47.0000Z,2019-08-07T21:43:45.012075Z,2019-08-07T21:39:53.441322Z,-0.96226320908263
S0246a,25.5,1509.6000000000001,2019-08-06T18:15:53.0000Z,2019-08-06T18:22:35.974473Z,2019-08-06T18:12:52.106853Z,-0.44889480381552604
S0239a,26.4,1562.8799999999999,2019-07-30T14:13:18.0000Z,2019-07-30T14:22:39.451677Z,2019-07-30T14:21:49.268635Z,0.9106191252858258
S0231b,23.4,1385.28,2019-07-22T08:09:45.0000Z,2019-07-22T08:10:11.241371Z,2019-07-22T08:07:04.56854Z,-6.11368438028638
S0229a,26.0,1539.2,2019-07-20T08:46:52.0000Z,2019-07-20T08:50:37.772767Z,2019-07-20T08:55:05.118377Z,2.18413577311563
S0228c,21.4,1266.8799999999999,2019-07-19T09:36:34.0000Z,2019-07-19T09:38:29.11372Z,2019-07-19T09:36:16.655081Z,-0.15067638331903443
S0227d,23.5,1391.2,2019-07-18T08:41:45.0000Z,2019-07-18T08:44:28.052126Z,2019-07-18T08:48:42.769249Z,2.562182163757865
S0222a,20.1,1189.92,2019-07-13T03:30:12.0000Z,2019-07-13T03:32:39.752227Z,2019-07-13T03:30:10.455599Z,-0.010452641096232004
S0219c,26.7,1580.64,2019-07-10T03:19:32.0000Z,2019-07-10T03:20:14.519084Z,2019-07-10T03:25:03.159292Z,7.788486036058538
S0218a,31.1,1841.1200000000001,2019-07-09T04:58:25.0000Z,2019-07-09T05:08:43.028247Z,2019-07-09T04:49:44.129731Z,-0.8427936288161276
S0216a,20.6,1219.5200000000002,2019-07-06T23:51:24.0000Z,2019-07-06T23:51:24.684021Z,2019-07-06T23:51:10.405539Z,-19.87433280557176
S0216b,22.7,1343.84,2019-07-06T09:55:17.0000Z,2019-07-06T10:01:07.758222Z,2019-07-06T10:01:07.601108Z,0.999552073222677
S0194c,27.7,1639.8400000000001,2019-06-14T10:29:37.0000Z,2019-06-14T10:29:41.787001Z,2019-06-14T10:34:41.304581Z,63.568940344904874
S0189a,33.42,1978.4640000000002,2019-06-09T05:35:55.504179Z,2019-06-09T05:43:34.000291Z,2019-06-09T05:22:43.15579Z,-1.728146364303303
S0185b,27.3,1616.16,2019-06-05T03:25:46.0000Z,2019-06-05T03:29:15.821021Z,2019-06-05T03:34:11.589076Z,2.4096207023985454
S0185a,59.83,3541.936,2019-06-05T02:06:37.945316Z,2019-06-05T02:20:40.167084Z,2019-06-05T02:12:50.284016Z,0.44209104317522224
S0183a,46.36,2744.512,2019-06-03T02:22:01.995079Z,2019-06-03T02:28:53.952022Z,2019-06-03T02:32:15.695487Z,1.4897197836522444
S0128a,7.79,461.168,2019-04-07T09:31:52.0000Z,2019-04-07T09:34:51.187836Z,2019-04-07T09:35:00.763027Z,1.0534366127397174
S0105a,32.52,1925.1840000000002,2019-03-14T20:59:21.050826Z,2019-03-14T21:06:39.810825Z,2019-03-14T20:57:00.329213Z,-0.32072571182588594