Event_ID,Timestamp,Distance,Quality,Class
S1222a,2022-05-04 23:23:07.856945+00:00,37.01,A,BROADBAND
S1133c,2022-02-03 08:04:38.145711+00:00,30.19,A,BROADBAND
S1102a,2022-01-02 04:27:10.093677+00:00,73.31,A,BROADBAND
S1094b,2021-12-24 22:38:02.749173+00:00,59.65,A,BROADBAND
S1048d,2021-11-07 22:00:15.254098+00:00,30.19,A,LOW_FREQUENCY
S1022a,2021-10-11 23:14:29.105382+00:00,30.73,A,LOW_FREQUENCY
S1015f,2021-10-04 04:52:29.248537+00:00,27.49,A,BROADBAND
S1000a,2021-09-18 17:46:20.639751+00:00,128.29,A,BROADBAND
S0976a,2021-08-25 03:32:20.629953+00:00,146.26,A,LOW_FREQUENCY
S0864a,2021-05-02 00:57:35.345190+00:00,28.75,A,BROADBAND
S0820a,2021-03-18 14:51:33.869889+00:00,30.19,A,LOW_FREQUENCY
S0809a,2021-03-07 11:09:26.997140+00:00,29.83,A,LOW_FREQUENCY
S0235b,2019-07-26 12:15:38.748239+00:00,28.75,A,BROADBAND
S0173a,2019-05-23 02:19:09.852879+00:00,30.01,A,LOW_FREQUENCY
S1197a,2022-04-09 22:05:52.416870+00:00,31.98,B,BROADBAND
S1192a,2022-04-04 23:06:52.616746+00:00,25.5,B,2.4_HZ
S1163a,2022-03-06 02:29:13.668752+00:00,23.1,B,HIGH_FREQUENCY
S1160a,2022-03-02 06:51:40.637485+00:00,2.14,B,VERY_HIGH_FREQUENCY
S1157a,2022-02-27 01:02:36.620313+00:00,35.58,B,BROADBAND
S1153a,2022-02-23 21:00:32.548262+00:00,84.81,B,BROADBAND
S1135c,2022-02-05 04:34:04.201673+00:00,20.0,B,HIGH_FREQUENCY
S1106a,2022-01-06 14:53:18.310024+00:00,38.5,B,2.4_HZ
S1105a,2022-01-05 07:59:04.008824+00:00,22.4,B,HIGH_FREQUENCY
S1094d,2021-12-25 03:31:41.685086+00:00,24.4,B,HIGH_FREQUENCY
S1091a,2021-12-21 23:57:27.099737+00:00,20.2,B,HIGH_FREQUENCY
S1090b,2021-12-20 22:17:13.778510+00:00,9.8,B,VERY_HIGH_FREQUENCY
S1087d,2021-12-18 00:42:23.809954+00:00,26.8,B,2.4_HZ
S1086d,2021-12-16 23:02:32.671075+00:00,24.9,B,HIGH_FREQUENCY
S1082c,2021-12-12 20:20:50.278146+00:00,21.2,B,HIGH_FREQUENCY
S1077c,2021-12-07 14:01:49.155880+00:00,23.0,B,HIGH_FREQUENCY
S1075c,2021-12-05 14:43:47.693762+00:00,25.6,B,2.4_HZ
S1073d,2021-12-03 14:28:52.584603+00:00,26.5,B,HIGH_FREQUENCY
S1071b,2021-12-01 12:19:05.491437+00:00,25.0,B,HIGH_FREQUENCY
S1068c,2021-11-28 08:10:32.786857+00:00,24.0,B,HIGH_FREQUENCY
S1065b,2021-11-25 11:06:55.004195+00:00,22.5,B,HIGH_FREQUENCY
S1060a,2021-11-19 11:40:11.957030+00:00,26.9,B,HIGH_FREQUENCY
S1054c,2021-11-14 03:24:25.479129+00:00,26.2,B,HIGH_FREQUENCY
S1054b,2021-11-14 02:15:32.555350+00:00,25.3,B,HIGH_FREQUENCY
S1050b,2021-11-09 23:56:59.675394+00:00,24.5,B,HIGH_FREQUENCY
S1047a,2021-11-06 16:54:15.278383+00:00,13.6,B,VERY_HIGH_FREQUENCY
S1044b,2021-11-03 17:38:02.916703+00:00,22.6,B,HIGH_FREQUENCY
S1040d,2021-10-30 17:27:18.756657+00:00,25.7,B,HIGH_FREQUENCY
S1040b,2021-10-30 13:56:44.537738+00:00,20.2,B,HIGH_FREQUENCY
S1039b,2021-10-29 16:14:25.453174+00:00,30.37,B,BROADBAND
S1034b,2021-10-24 09:20:13.843379+00:00,27.9,B,HIGH_FREQUENCY
S1034a,2021-10-23 18:21:42.661850+00:00,0.84,B,VERY_HIGH_FREQUENCY
S1030a,2021-10-20 08:22:51.053546+00:00,11.2,B,VERY_HIGH_FREQUENCY
S1026c,2021-10-16 06:42:35.022933+00:00,31.5,B,HIGH_FREQUENCY
S1025g,2021-10-15 07:50:43.477690+00:00,25.6,B,HIGH_FREQUENCY
S1024c,2021-10-14 05:58:20.206396+00:00,21.7,B,HIGH_FREQUENCY
S1019b,2021-10-09 01:49:26.911166+00:00,30.4,B,HIGH_FREQUENCY
S1017a,2021-10-06 22:12:19.313507+00:00,27.6,B,HIGH_FREQUENCY
S1012d,2021-10-02 00:29:27.840413+00:00,38.27,B,LOW_FREQUENCY
S1007d,2021-09-26 20:03:15.389730+00:00,22.7,B,HIGH_FREQUENCY
S0999c,2021-09-18 13:29:29.184012+00:00,24.7,B,HIGH_FREQUENCY
S0997a,2021-09-16 12:21:10.496236+00:00,21.5,B,HIGH_FREQUENCY
S0994d,2021-09-13 10:10:23.406981+00:00,23.4,B,HIGH_FREQUENCY
S0994b,2021-09-13 07:05:58.890533+00:00,24.1,B,HIGH_FREQUENCY
S0992a,2021-09-11 07:46:22.516863+00:00,24.2,B,HIGH_FREQUENCY
S0986c,2021-09-05 05:18:58.055897+00:00,1.22,B,VERY_HIGH_FREQUENCY
S0986a,2021-09-05 02:46:57.359065+00:00,23.5,B,HIGH_FREQUENCY
S0981c,2021-08-31 03:59:01.746379+00:00,3.45,B,VERY_HIGH_FREQUENCY
S0976b,2021-08-25 16:50:18.515853+00:00,15.7,B,VERY_HIGH_FREQUENCY
S0965b,2021-08-14 13:26:21.167287+00:00,23.4,B,HIGH_FREQUENCY
S0965a,2021-08-14 11:16:58.037010+00:00,8.85,B,VERY_HIGH_FREQUENCY
S0946a,2021-07-25 23:59:56.310642+00:00,22.5,B,2.4_HZ
S0943f,2021-07-23 00:35:33.757199+00:00,24.0,B,HIGH_FREQUENCY
S0940a,2021-07-19 21:40:39.873077+00:00,21.7,B,2.4_HZ
S0933b,2021-07-12 17:07:14.944102+00:00,27.0,B,HIGH_FREQUENCY
S0933a,2021-07-12 15:12:27.338932+00:00,25.5,B,HIGH_FREQUENCY
S0924b,2021-07-03 12:08:35.880081+00:00,24.0,B,HIGH_FREQUENCY
S0923c,2021-07-02 11:08:42.854365+00:00,23.7,B,HIGH_FREQUENCY
S0919a,2021-06-28 06:03:42.956853+00:00,24.3,B,HIGH_FREQUENCY
S0918c,2021-06-27 08:25:34.583863+00:00,24.3,B,HIGH_FREQUENCY
S0918a,2021-06-27 05:31:55.541885+00:00,27.85,B,LOW_FREQUENCY
S0916e,2021-06-25 07:35:26.846924+00:00,22.2,B,HIGH_FREQUENCY
S0916d,2021-06-25 05:13:42.960151+00:00,29.29,B,BROADBAND
S0899b,2021-06-07 18:24:23.083313+00:00,26.5,B,2.4_HZ
S0896b,2021-06-04 19:01:11.383475+00:00,25.6,B,HIGH_FREQUENCY
S0888b,2021-05-27 13:59:53.830171+00:00,21.7,B,2.4_HZ
S0882a,2021-05-21 08:39:23.121833+00:00,21.7,B,VERY_HIGH_FREQUENCY
S0875c,2021-05-14 04:41:38.306482+00:00,22.8,B,2.4_HZ
S0871b,2021-05-10 00:22:16.610815+00:00,25.4,B,2.4_HZ
S0869b,2021-05-07 20:57:39.194259+00:00,30.5,B,VERY_HIGH_FREQUENCY
S0868c,2021-05-07 00:37:21.980760+00:00,26.7,B,2.4_HZ
S0866b,2021-05-04 22:59:31.353779+00:00,25.8,B,HIGH_FREQUENCY
S0850a,2021-04-17 19:05:53.824697+00:00,8.27,B,VERY_HIGH_FREQUENCY
S0827a,2021-03-25 18:06:00.703912+00:00,21.0,B,2.4_HZ
S0802a,2021-02-28 06:07:21.541000+00:00,30.01,B,BROADBAND
S0794a,2021-02-19 01:21:16.645281+00:00,17.6,B,VERY_HIGH_FREQUENCY
S0793a,2021-02-18 19:31:23.200420+00:00,3.02,B,VERY_HIGH_FREQUENCY
S0784a,2021-02-09 12:11:32.608736+00:00,34.5,B,BROADBAND
S0758a,2021-01-14 00:16:24.669242+00:00,17.6,B,HIGH_FREQUENCY
S0756a,2021-01-11 01:07:17.279508+00:00,19.0,B,VERY_HIGH_FREQUENCY
S0734a,2020-12-19 10:09:04.548495+00:00,8.29,B,VERY_HIGH_FREQUENCY
S0500a,2020-04-23 22:42:14+00:00,12.0,B,VERY_HIGH_FREQUENCY
S0490a,2020-04-13 09:35:08+00:00,17.4,B,HIGH_FREQUENCY
S0484b,2020-04-07 08:48:20.567930+00:00,31.8,B,BROADBAND
S0477a,2020-03-31 00:45:29+00:00,26.1,B,2.4_HZ
S0475a,2020-03-29 00:37:59+00:00,13.9,B,VERY_HIGH_FREQUENCY
S0474a,2020-03-28 00:32:48.989803+00:00,29.11,B,LOW_FREQUENCY
S0460a,2020-03-12 20:30:48+00:00,21.8,B,2.4_HZ
S0436c,2020-02-18 01:59:18+00:00,21.5,B,HIGH_FREQUENCY
S0432a,2020-02-14 01:52:41+00:00,24.7,B,HIGH_FREQUENCY
S0430c,2020-02-11 20:40:38+00:00,28.4,B,2.4_HZ
S0429c,2020-02-11 00:34:56+00:00,19.7,B,2.4_HZ
S0429a,2020-02-10 20:37:03+00:00,24.1,B,HIGH_FREQUENCY
S0424c,2020-02-05 17:26:12+00:00,31.2,B,VERY_HIGH_FREQUENCY
S0423c,2020-02-04 19:25:43+00:00,27.3,B,HIGH_FREQUENCY
S0421a,2020-02-02 17:37:27+00:00,36.8,B,VERY_HIGH_FREQUENCY
S0418a,2020-01-30 11:53:45+00:00,29.2,B,2.4_HZ
S0417a,2020-01-28 17:33:34+00:00,22.4,B,2.4_HZ
S0409d,2020-01-21 11:27:02.464172+00:00,31.08,B,LOW_FREQUENCY
S0408b,2020-01-20 06:05:53+00:00,24.4,B,2.4_HZ
S0407a,2020-01-19 09:54:02.828041+00:00,29.29,B,LOW_FREQUENCY
S0405f,2020-01-17 05:34:44+00:00,22.8,B,HIGH_FREQUENCY
S0394a,2020-01-05 19:50:00+00:00,23.8,B,2.4_HZ
S0392a,2020-01-03 17:00:00+00:00,27.0,B,HIGH_FREQUENCY
S0387a,2019-12-29 14:36:06+00:00,32.1,B,VERY_HIGH_FREQUENCY
S0384b,2019-12-26 13:04:26+00:00,23.3,B,HIGH_FREQUENCY
S0378b,2019-12-20 13:08:30+00:00,24.0,B,2.4_HZ
S0372a,2019-12-14 07:31:54+00:00,23.7,B,2.4_HZ
S0371b,2019-12-13 08:23:51+00:00,24.4,B,HIGH_FREQUENCY
S0367c,2019-12-09 03:43:00+00:00,23.9,B,2.4_HZ
S0366c,2019-12-08 02:33:48+00:00,22.7,B,2.4_HZ
S0361c,2019-12-03 00:40:48+00:00,25.4,B,HIGH_FREQUENCY
S0352a,2019-11-23 18:14:20+00:00,28.4,B,HIGH_FREQUENCY
S0349a,2019-11-20 17:09:14+00:00,25.5,B,HIGH_FREQUENCY
S0343b,2019-11-14 11:57:48+00:00,27.0,B,HIGH_FREQUENCY
S0342a,2019-11-13 12:56:18+00:00,25.7,B,2.4_HZ
S0340a,2019-11-11 09:49:03+00:00,27.1,B,HIGH_FREQUENCY
S0338b,2019-11-09 07:19:44+00:00,26.6,B,2.4_HZ
S0334a,2019-11-05 04:00:35+00:00,19.8,B,VERY_HIGH_FREQUENCY
S0331a,2019-11-01 08:31:01+00:00,22.6,B,HIGH_FREQUENCY
S0327c,2019-10-29 03:55:01+00:00,18.4,B,HIGH_FREQUENCY
S0327a,2019-10-28 23:22:24+00:00,21.0,B,2.4_HZ
S0325d,2019-10-27 03:52:00+00:00,23.6,B,2.4_HZ
S0325c,2019-10-27 01:16:25+00:00,22.7,B,2.4_HZ
S0325a,2019-10-26 06:54:04.954477+00:00,39.71,B,LOW_FREQUENCY
S0325b,2019-10-26 04:38:25+00:00,25.9,B,HIGH_FREQUENCY
S0323c,2019-10-25 00:53:41+00:00,22.3,B,2.4_HZ
S0323a,2019-10-24 21:08:41+00:00,23.2,B,HIGH_FREQUENCY
S0321a,2019-10-22 19:35:59+00:00,23.3,B,2.4_HZ
S0319b,2019-10-20 17:40:35+00:00,25.7,B,HIGH_FREQUENCY
S0319a,2019-10-20 03:24:42+00:00,23.5,B,HIGH_FREQUENCY
S0315b,2019-10-16 15:10:36+00:00,23.2,B,HIGH_FREQUENCY
S0314b,2019-10-15 15:36:28+00:00,23.7,B,HIGH_FREQUENCY
S0314a,2019-10-15 14:24:12+00:00,19.7,B,2.4_HZ
S0311b,2019-10-12 16:14:58+00:00,25.8,B,2.4_HZ
S0308a,2019-10-09 15:41:29+00:00,26.6,B,HIGH_FREQUENCY
S0304b,2019-10-05 12:44:18+00:00,25.4,B,HIGH_FREQUENCY
S0291c,2019-09-22 03:42:26+00:00,22.4,B,HIGH_FREQUENCY
S0290b,2019-09-21 03:15:13.328456+00:00,30.37,B,LOW_FREQUENCY
S0289a,2019-09-19 23:56:34+00:00,26.3,B,HIGH_FREQUENCY
S0265e,2019-08-26 10:23:58+00:00,24.0,B,2.4_HZ
S0264e,2019-08-25 10:27:57+00:00,34.5,B,VERY_HIGH_FREQUENCY
S0264b,2019-08-25 06:16:22+00:00,23.7,B,2.4_HZ
S0263c,2019-08-24 07:02:53+00:00,25.9,B,2.4_HZ
S0263a,2019-08-23 11:07:18+00:00,6.44,B,VERY_HIGH_FREQUENCY
S0260a,2019-08-21 05:05:57+00:00,25.2,B,HIGH_FREQUENCY
S0257b,2019-08-18 01:01:07+00:00,25.9,B,2.4_HZ
S0255b,2019-08-16 03:53:41+00:00,30.2,B,2.4_HZ
S0252a,2019-08-12 23:45:53+00:00,20.1,B,2.4_HZ
S0248b,2019-08-08 21:49:52+00:00,16.8,B,2.4_HZ
S0248a,2019-08-08 21:20:02+00:00,17.7,B,2.4_HZ
S0247b,2019-08-07 21:58:10+00:00,24.3,B,2.4_HZ
S0247a,2019-08-07 21:41:47+00:00,18.0,B,2.4_HZ
S0246a,2019-08-06 18:15:53+00:00,25.5,B,HIGH_FREQUENCY
S0239a,2019-07-30 14:13:18+00:00,26.4,B,HIGH_FREQUENCY
S0231b,2019-07-22 08:09:45+00:00,23.4,B,HIGH_FREQUENCY
S0229a,2019-07-20 08:46:52+00:00,26.0,B,2.4_HZ
S0228c,2019-07-19 09:36:34+00:00,21.4,B,HIGH_FREQUENCY
S0227d,2019-07-18 08:41:45+00:00,23.5,B,2.4_HZ
S0222a,2019-07-13 03:30:12+00:00,20.1,B,2.4_HZ
S0219c,2019-07-10 03:19:32+00:00,26.7,B,2.4_HZ
S0218a,2019-07-09 04:58:25+00:00,31.1,B,VERY_HIGH_FREQUENCY
S0216a,2019-07-06 23:51:24+00:00,20.6,B,2.4_HZ
S0216b,2019-07-06 09:55:17+00:00,22.7,B,2.4_HZ
S0194c,2019-06-14 10:29:37+00:00,27.7,B,2.4_HZ
S0189a,2019-06-09 05:35:55.504179+00:00,33.42,B,LOW_FREQUENCY
S0185b,2019-06-05 03:25:46+00:00,27.3,B,HIGH_FREQUENCY
S0185a,2019-06-05 02:06:37.945316+00:00,59.83,B,BROADBAND
S0183a,2019-06-03 02:22:01.995079+00:00,46.36,B,LOW_FREQUENCY
S0128a,2019-04-07 09:31:52+00:00,7.79,B,VERY_HIGH_FREQUENCY
S0105a,2019-03-14 20:59:21.050826+00:00,32.52,B,LOW_FREQUENCY
